Time,Height,Velocity,Thrust,Target_Height
1.3000000000000007,2.405585924658467,1.3111487932759232,0.0,2.5
1.3200000000000007,2.4328842446918704,1.3649160016701716,22.693721074473757,2.5
1.3400000000000007,2.4562130675252183,1.1664411416673879,0.0,2.5
1.3600000000000008,2.4811345645427325,1.24607485087572,25.0,2.5
1.3800000000000008,2.502090525731884,1.0477980594575937,0.0,2.5
1.4000000000000008,2.5246431158746097,1.1276295071362754,25.0,2.5
1.4200000000000008,2.5432341183670975,0.9295501246243816,0.0,2.5
1.4400000000000008,2.5634256914109863,1.009578652194452,25.0,2.5
1.4600000000000009,2.5796596118331356,0.8116960211074613,0.0,2.5
1.4800000000000009,2.5974980312768037,0.8919209721833933,25.0,2.5
1.5000000000000009,2.611382720021399,0.6942344372297543,0.0,2.5
1.520000000000001,2.6268758231736418,0.7746551576121492,25.0,2.5
1.540000000000001,2.6384191044872978,0.5771640656827957,0.0,2.5
1.560000000000001,2.6515747025543197,0.6577799033511021,25.0,2.5
1.580000000000001,2.6607843746245634,0.46048360351218365,0.0,2.5
1.600000000000001,2.671610252796912,0.5412939086174411,25.0,2.5
1.620000000000001,2.6784940878389736,0.3441917521030787,0.0,2.5
1.640000000000001,2.6869980053781872,0.4251958769606846,25.0,2.5
1.660000000000001,2.691563749721502,0.22828721716575012,0.0,2.5
1.680000000000001,2.6977534400464673,0.30948451624825163,25.0,2.5
1.700000000000001,2.7000088142208907,0.1127687087211712,0.0,2.5
1.720000000000001,2.7038919849939123,0.19415853865108035,25.0,2.5
1.740000000000001,2.7038446838156456,-0.0023650589133381306,0.0,2.5
1.7600000000000011,2.7054290170282314,0.0792166606292952,25.0,2.5
1.7800000000000011,2.703086709685463,-0.11711536713842033,0.0,2.5
1.8000000000000012,2.7023798617438217,-0.035342397082078536,25.0,2.5
1.8200000000000012,2.6977501918820828,-0.23148349308694174,0.0,2.5
1.8400000000000012,2.6947597936923358,-0.1495199094873524,25.0,2.5
1.8600000000000012,2.687850379499572,-0.3454707096382068,0.0,2.5
1.8800000000000012,2.6825840365526847,-0.2633171473443654,25.0,2.5
1.9000000000000012,2.6734024708440423,-0.4590782854321248,0.0,2.5
1.9200000000000013,2.66586776330047,-0.3767353771786268,25.0,2.5
1.9400000000000013,2.6544216136028034,-0.5723074848833292,0.0,2.5
1.9600000000000013,2.644626096376855,-0.4897758612974125,25.0,2.5
1.9800000000000013,2.63092290501295,-0.6851595681952501,0.0,2.5
2.0000000000000013,2.6188741078568736,-0.6024398578038136,25.0,2.5
2.0200000000000014,2.605899402817692,-0.6487352519590652,13.40104854735678,2.5
2.0400000000000014,2.594577877842465,-0.5660762487613556,25.0,2.5
2.0600000000000014,2.5834355851775923,-0.5571146332436483,18.37963395927946,2.5
2.0800000000000014,2.5739434185560497,-0.47460833107713113,25.0,2.5
2.1000000000000014,2.562899727031313,-0.5521845762368268,10.604946685965821,2.5
2.1200000000000014,2.5535059972146734,-0.46968649083198766,25.0,2.5
2.1400000000000015,2.544634029071833,-0.4435984071420327,19.93547455847115,2.5
2.1600000000000015,2.537408403098119,-0.36128129868568487,25.0,2.5
2.1800000000000015,2.5277292961999116,-0.48395534491037423,6.563143644975106,2.5
2.2000000000000015,2.51969787670209,-0.4015709748910792,25.0,2.5
2.2200000000000015,2.5129866781505825,-0.33555992757537456,23.538758612179755,2.5
2.2400000000000015,2.50791822048555,-0.25342288325163786,25.0,2.5
2.2600000000000016,2.4989660293058806,-0.4476095589834659,0.14318575164773506,2.5
2.2800000000000016,2.4916603140003994,-0.365285765274049,25.0,2.5
2.3000000000000016,2.4859983304426496,-0.2830991778874812,25.0,2.5
2.3200000000000016,2.48020780885711,-0.2895260792769862,17.037113998261425,2.5
2.3400000000000016,2.476058493696435,-0.20746575803374678,25.0,2.5
2.3600000000000017,2.469558838114671,-0.3249827790881874,7.050348241395284,2.5
2.3800000000000017,2.4647015708477658,-0.24286336334526265,25.0,2.5
2.4000000000000017,2.460331726986169,-0.2184921930798386,19.814975819386376,2.5
2.4200000000000017,2.4576007217532307,-0.1365502616469278,25.0,2.5
2.4400000000000017,2.451475230837516,-0.30627454578574165,2.3623318882597175,2.5
2.4600000000000017,2.446991504628883,-0.22418631043165432,25.0,2.5
2.4800000000000018,2.4441468068528196,-0.14223488880315716,25.0,2.5
2.5000000000000018,2.439688208246785,-0.2229299303017404,10.374111031807033,2.5
2.520000000000002,2.4368685961939827,-0.1409806026401264,25.0,2.5
2.540000000000002,2.433215882670393,-0.1826356761794989,13.887896291060457,2.5
2.560000000000002,2.431200812558231,-0.10075350560808866,25.0,2.5
2.580000000000002,2.4272382362512572,-0.1981288153486785,8.879109097505705,2.5
2.600000000000002,2.424913819793684,-0.11622082287865293,25.0,2.5
2.620000000000002,2.4220555206922585,-0.14291495507128907,15.23809497923095,2.5
2.640000000000002,2.420833540978224,-0.061098985701725825,25.0,2.5
2.660000000000002,2.4171347092282387,-0.18494158749925488,6.503000990367127,2.5
2.680000000000002,2.4150735977533926,-0.1030555737423117,25.0,2.5
2.700000000000002,2.413063485356902,-0.10050561982454102,17.872037516538015,2.5
2.720000000000002,2.4126882787032944,-0.018760332680389027,25.0,2.5
2.740000000000002,2.4089498359892056,-0.18692213570444216,2.520623677933159,2.5
2.760000000000002,2.406849179568529,-0.10503282103382366,25.0,2.5
2.780000000000002,2.4058802118805493,-0.04844838439899541,22.73484437397947,2.5
2.800000000000002,2.4065444146942716,0.03321014068611402,25.0,2.5
2.820000000000002,2.403283510503304,-0.16304520954836282,0.0,2.5
2.840000000000002,2.401659596708211,-0.08119568975467112,25.0,2.5
2.860000000000002,2.4007776420342086,-0.044097733700102205,20.984636691448003,2.5
2.880000000000002,2.4015287128402187,0.03755354030050905,25.0,2.5
2.900000000000002,2.3983545318615525,-0.15870904893332513,0.0,2.5
2.920000000000002,2.3968171967400727,-0.07686675607399182,25.0,2.5
2.940000000000002,2.3964583791305207,-0.017940880477602193,22.94979879026397,2.5
2.960000000000002,2.3977317151058735,0.06366679876763823,25.0,2.5
2.980000000000002,2.3950789288546006,-0.13263931256364117,0.0,2.5
3.000000000000002,2.394062119469302,-0.050840469264924,25.0,2.5
3.0200000000000022,2.393474604428955,-0.029375752017339586,19.58219848189286,2.5
3.0400000000000023,2.394519624135898,0.052250985347133745,25.0,2.5
3.0600000000000023,2.391638902143329,-0.14403609962844482,0.0,2.5
3.0800000000000023,2.3903945369096364,-0.06221826168461966,25.0,2.5
3.1000000000000023,2.3905843624919862,0.009491279117499363,24.102525932938022,2.5
3.1200000000000023,2.3912679871438614,0.034181232593755786,19.881519504730704,2.5
3.1400000000000023,2.3935820279768723,0.11570204165054396,25.0,2.5
3.1600000000000024,2.3919682120751613,-0.0806907950855403,0.0,2.5
3.1800000000000024,2.3919886414221754,0.0010214673507133593,25.0,2.5
3.2000000000000024,2.3905934302982645,-0.06976055619555105,11.287771100938812,2.5
3.2200000000000024,2.390832100081782,0.011933489175885978,25.0,2.5
3.2400000000000024,2.3893534819387585,-0.0739309071511668,9.931994353941633,2.5
3.2600000000000025,2.3895088837148624,0.007770088805196224,25.0,2.5
3.2800000000000025,2.3883274245490993,-0.05907295828815143,11.643291274919491,2.5
3.3000000000000025,2.3887794900375012,0.022603274420106595,25.0,2.5
3.3200000000000025,2.387370366680537,-0.07045616784821557,9.286040687014022,2.5
3.3400000000000025,2.387595147418056,0.011239036875975897,25.0,2.5
3.3600000000000025,2.386642085703911,-0.04765308570726636,12.359394823039594,2.5
3.3800000000000026,2.387322167981511,0.03400411388002351,25.0,2.5
3.4000000000000026,2.3858998627904975,-0.07111525955069095,8.202357008317705,2.5
3.4200000000000026,2.386111483663691,0.010581043659671302,25.0,2.5
3.4400000000000026,2.3854400591367213,-0.033571226348488345,13.685882855814583,2.5
3.4600000000000026,2.3864013092061853,0.048062503473203566,25.0,2.5
3.4800000000000026,2.3848431602700284,-0.07790744680784914,6.327913850226238,2.5
3.5000000000000027,2.384919163804321,0.003800176714608375,25.0,2.5
3.5200000000000027,2.384642596043193,-0.013828388056399982,16.07199919711644,2.5
3.5400000000000027,2.385998044783889,0.06777243703480512,25.0,2.5
3.5600000000000027,2.384056592359458,-0.09707262122154911,2.8321106224833414,2.5
3.5800000000000027,2.3837499312446235,-0.015333055741735435,25.0,2.5
3.6000000000000028,2.3840646879085847,0.015737833198067118,20.45208004622097,2.5
3.6200000000000028,2.3860104755336615,0.09728938125384809,25.0,2.5
3.640000000000003,2.3840290201793635,-0.09907276771490833,0.0,2.5
3.660000000000003,2.3836824228062112,-0.017329868657605732,25.0,2.5
3.680000000000003,2.3840528171555952,0.01851971746919632,20.881863271113545,2.5
3.700000000000003,2.3860541497366192,0.1000666290511921,25.0,2.5
3.720000000000003,2.3841281467633415,-0.09630014866389325,0.0,2.5
3.740000000000003,2.3838369093505745,-0.014561870638342328,25.0,2.5
3.760000000000003,2.3841230676804708,0.014307916494806935,20.254096561387684,2.5
3.780000000000003,2.3860403046353724,0.09586184774509335,25.0,2.5
3.800000000000003,2.3840303461953494,-0.10049792200114852,0.0,2.5
3.820000000000003,2.3836552932416155,-0.01875264768670218,25.0,2.5
3.840000000000003,2.3840630006210457,0.020385368971502463,21.177608602085414,2.5
3.860000000000003,2.386101584043732,0.10192917113432773,25.0,2.5
3.880000000000003,2.3842127698273807,-0.09444071081756286,0.0,2.5
3.900000000000003,2.383958659190279,-0.012705531855089158,25.0,2.5
3.920000000000003,2.384186208549554,0.011377467963752032,19.823564153917445,2.5
3.940000000000003,2.3860449342154526,0.09293628329492354,25.0,2.5
3.960000000000003,2.383976562005241,-0.10341861051056803,0.0,2.5
3.980000000000003,2.3835431926376023,-0.02166846838193931,25.0,2.5
4.000000000000003,2.384033646714234,0.0245227038315661,21.811955228958197,2.5
4.020000000000002,2.3861548389229594,0.10605961043629125,25.0,2.5
4.040000000000002,2.3843484958113375,-0.09031715558110259,0.0,2.5
4.060000000000001,2.3841767188271237,-0.008588849210689656,25.0,2.5
4.080000000000001,2.3842800656481655,0.005167341052082081,18.894768796267854,2.5
4.1000000000000005,2.386014795780061,0.08673650659477306,25.0,2.5
4.12,2.3838226346950697,-0.10960805424955156,0.0,2.5
4.14,2.3832656827674428,-0.027847596381357864,25.0,2.5
4.159999999999999,2.3839359302095517,0.03351237210544917,23.17622002435543,2.5
4.179999999999999,2.386236616128146,0.11503429592971787,25.0,2.5
4.199999999999998,2.3846094675702094,-0.0813574278968317,0.0,2.5
4.219999999999998,2.3846165864820916,0.0003559455941074541,25.0,2.5
4.2399999999999975,2.384453834665131,-0.00813759084802978,16.893635112046766,2.5
4.259999999999997,2.3859229096567542,0.07345374958116137,25.0,2.5
4.279999999999997,2.3838499545361262,-0.10364775603140756,1.7298825573059702,2.5
4.299999999999996,2.383412009896255,-0.02189723199357746,25.0,2.5
4.319999999999996,2.3839222294177764,0.025510976076071945,21.92145414146941,2.5
4.339999999999995,2.3860631541289843,0.10704623556038959,25.0,2.5
4.359999999999995,2.3842765106323403,-0.08933217483221109,0.0,2.5
4.379999999999995,2.3841244004304127,-0.00760551009637965,25.0,2.5
4.399999999999994,2.3842093548325125,0.004247720104981343,18.723649891608034,2.5
4.419999999999994,2.3859257231994975,0.0858184183492508,25.0,2.5
4.439999999999993,2.3837152309525376,-0.11052461234799796,0.0,2.5
4.459999999999993,2.383139978414878,-0.028762626882973527,25.0,2.5
4.479999999999992,2.3838462514545884,0.035313651985523595,23.420550704132296,2.5
4.499999999999992,2.3861829029281214,0.11683257367665881,25.0,2.5
4.519999999999992,2.384591659982532,-0.07956214727946898,0.0,2.5
4.539999999999991,2.3846346246640744,0.0021482340771079023,25.0,2.5
4.559999999999991,2.3844263428563632,-0.010414090385557621,16.52771303347167,2.5
4.57999999999999,2.385849963740554,0.07118104420952939,25.0,2.5
4.59999999999999,2.3838397841098202,-0.10050898153667634,2.216574839472912,2.5
4.6199999999999894,2.3834645103340266,-0.018763688789670788,25.0,2.5
4.639999999999989,2.3838929607977986,0.02142252318858709,21.27194452472476,2.5
4.659999999999989,2.3859522527330195,0.10296459676105053,25.0,2.5
4.679999999999988,2.384084112515015,-0.0934070109002179,0.0,2.5
4.699999999999988,2.3838506414195964,-0.011673554770939773,25.0,2.5
4.719999999999987,2.3840644099949064,0.010688428765507456,19.66882748506461,2.5
4.739999999999987,2.3859093778448135,0.0922483924953427,25.0,2.5
4.7599999999999865,2.383827270748304,-0.10410535482548289,0.0,2.5
4.779999999999986,2.383380189385844,-0.022354068122995993,25.0,2.5
4.799999999999986,2.383904748741095,0.02622796776253871,22.027030119479676,2.5
4.819999999999985,2.3860599893863093,0.10776203226071224,25.0,2.5
4.839999999999985,2.3842876379637814,-0.08861757112638899,0.0,2.5
4.859999999999984,2.384149796015847,-0.006892097396733909,25.0,2.5
4.879999999999984,2.384214394819105,0.0032299401629036478,18.56794956575787,2.5
4.8999999999999835,2.3859104415132464,0.08480233470707657,25.0,2.5
4.919999999999983,2.3836796614628977,-0.11153900251743526,0.0,2.5
4.939999999999983,2.383084154934855,-0.029775326402128433,25.0,2.5
4.959999999999982,2.3838210435171794,0.03684442911623381,23.649311697692283,2.5
4.979999999999982,2.3861882595074224,0.11836079951215119,25.0,2.5
4.999999999999981,2.384627530137682,-0.07803646848703576,0.0,2.5
5.019999999999981,2.384700957539113,0.0036713700715537284,25.0,2.5
5.0399999999999805,2.3844483160352086,-0.01263207519522722,16.19124063150045,2.5
5.05999999999998,2.3858276511560326,0.06896675604120926,25.0,2.5
5.07999999999998,2.383873255610565,-0.09771977727336438,2.666557015094554,2.5
5.099999999999979,2.3835536729465625,-0.015979133200131,25.0,2.5
5.119999999999979,2.383904767567754,0.017554731059582517,20.673650913394198,2.5
5.139999999999978,2.3858868325867992,0.09910325095226097,25.0,2.5
5.159999999999978,2.383941594164146,-0.09726192113265947,0.0,2.5
5.1799999999999775,2.383631153361086,-0.015522040152993952,25.0,2.5
5.199999999999977,2.383962447822949,0.016564723093139333,20.543480386129048,2.5
5.219999999999977,2.3859247456829307,0.09811489299909519,25.0,2.5
5.239999999999976,2.383959773046479,-0.09824863182256997,0.0,2.5
5.259999999999976,2.3836296309199776,-0.016507106325087936,25.0,2.5
5.279999999999975,2.383984844707619,0.017760689382063224,20.739625547694843,2.5
5.299999999999975,2.385971022027836,0.09930886601087087,25.0,2.5
